﻿id,department,bed_type,rate,availibility,facilities
1,child,general,500,100,"Facility-1, Facility-2, Facility-3"
2,child,semi-private,1000,50,"Facility-1, Facility-2, Facility-3"
3,child,private,2000,25,"Facility-1, Facility-2, Facility-3"
4,men,general,500,100,"Facility-1, Facility-2, Facility-3"
5,men,semi-private,1000,100,"Facility-1, Facility-2, Facility-3"
6,men,private,2000,100,"Facility-1, Facility-2, Facility-3"
7,women,general,500,100,"Facility-1, Facility-2, Facility-3"
8,women,semi-private,1000,50,"Facility-1, Facility-2, Facility-3"
9,women,private,2000,25,"Facility-1, Facility-2, Facility-3"
10,senior-citizen,general,100,100,"Facility-1, Facility-2, Facility-3"
11,senior-citizen,semi-private,350,50,"Facility-1, Facility-2, Facility-3"
12,senior-citizen,private,700,25,"Facility-1, Facility-2, Facility-3"
13,other,general,500,100,"Facility-1, Facility-2, Facility-3"
14,other,semi-private,1000,50,"Facility-1, Facility-2, Facility-3"
15,other,private,2000,25,"Facility-1, Facility-2, Facility-3"
