id,surgery_name,department,discharge_period,PackageID
1,Surgery-1,Dept-1,1,
2,Surgery-2,Dept-2,2,
3,Surgery-3,Dept-3,3,
4,Surgery-4,Dept-4,4,
5,Surgery-5,Dept-5,5,
6,Surgery-6,Dept-6,6,
7,Surgery-7,Dept-7,7,
8,Surgery-8,Dept-8,8,
9,Surgery-9,Dept-9,9,
10,Surgery-10,Dept-10,10,
11,Surgery-11,Dept-11,11,
12,Surgery-12,Dept-12,12,
13,Surgery-13,Dept-13,13,
14,Surgery-14,Dept-14,14,
15,Surgery-15,Dept-15,15,
16,Surgery-16,Dept-16,16,
17,Surgery-17,Dept-17,17,
18,Surgery-18,Dept-18,18,
19,Surgery-19,Dept-19,19,
20,Surgery-20,Dept-20,20,
21,Surgery-21,Dept-21,21,
22,Surgery-22,Dept-22,22,
23,Surgery-23,Dept-23,23,
24,Surgery-24,Dept-24,24,
25,Surgery-25,Dept-25,25,
26,Surgery-26,Dept-26,26,
27,Surgery-27,Dept-27,27,
28,Surgery-28,Dept-28,28,
29,Surgery-29,Dept-29,29,
30,Surgery-30,Dept-30,30,
31,Surgery-31,Dept-31,31,
32,Surgery-32,Dept-32,32,
33,Surgery-33,Dept-33,33,
34,Surgery-34,Dept-34,34,
35,Surgery-35,Dept-35,35,
36,Surgery-36,Dept-36,36,
37,Surgery-37,Dept-37,37,
38,Surgery-38,Dept-38,38,
39,Surgery-39,Dept-39,39,
40,Surgery-40,Dept-40,40,
41,Surgery-41,Dept-41,41,
