id,treatment_name,department,discharge_period,PackageID
1,Drug Reaction,Dept-1,1,
2,Malaria,Dept-2,2,
3,Allergy,Dept-3,3,
4,Hypothyroidism,Dept-4,4,
5,Psoriasis,Dept-5,5,
6,GERD,Dept-6,6,
7,Chronic cholestasis,Dept-7,7,
8,hepatitis A,Dept-8,8,
9,Osteoarthristis,Dept-9,9,
10,(vertigo) Paroymsal  Positional Vertigo,Dept-10,10,
11,Hypoglycemia,Dept-11,11,
12,Acne,Dept-12,12,
13,Diabetes,Dept-13,13,
14,Impetigo,Dept-14,14,
15,Hypertension ,Dept-15,15,
16,Peptic ulcer diseae,Dept-16,16,
17,Dimorphic hemmorhoids(piles),Dept-17,17,
18,Common Cold,Dept-18,18,
19,Chicken pox,Dept-19,19,
20,Cervical spondylosis,Dept-20,20,
21,Hyperthyroidism,Dept-21,21,
22,Urinary tract infection,Dept-22,22,
23,Varicose veins,Dept-23,23,
24,AIDS,Dept-24,24,
25,Paralysis (brain hemorrhage),Dept-25,25,
26,Typhoid,Dept-26,26,
27,Hepatitis B,Dept-27,27,
28,Fungal infection,Dept-28,28,
29,Hepatitis C,Dept-29,29,
30,Migraine,Dept-30,30,
31,Bronchial Asthma,Dept-31,31,
32,Alcoholic hepatitis,Dept-32,32,
33,Jaundice,Dept-33,33,
34,Hepatitis E,Dept-34,34,
35,Dengue,Dept-35,35,
36,Hepatitis D,Dept-36,36,
37,Heart attack,Dept-37,37,
38,Pneumonia,Dept-38,38,
39,Arthritis,Dept-39,39,
40,Gastroenteritis,Dept-40,40,
41,Tuberculosis,Dept-41,41,
