id,category,name,type,insurance_value,value
1,T,Covid-19,General,25000,5000
1,T,Covid-19,Semi-Private,30000,7000
1,T,Covid-19,Private,50000,10000
1,T,Cancer,General,200000,100000
1,T,Cancer,Semi-Private,500000,200000
1,T,Cancer,Private,1000000,400000
1,T,GERD,General,500000,14000
1,S,Fracture,General,500000,16000
2,S,Heart-Transplant,General,200000,100000
2,S,Heart-Transplant,Semi-Private,500000,250000
2,S,Heart-Transplant,Private,1000000,600000
3,S,Heart-Stent,General,500000,20000
