﻿(vertigo) Paroymsal  Positional Vertigo,"General Physician, Medicine Doctor",Department2
Acne,"General Physician, Medicine Doctor",Department2
AIDS,"General Physician, Medicine Doctor",Department2
Alcoholic hepatitis,"General Physician, Medicine Doctor",Department2
Allergy,"Dermatologists, General Physician,Medicine Doctor",Infectious Disease
Arthritis,"Orthopedics, Medicine Doctor",Department2
Bronchial Asthma,"Pulmonologist, Pediatrician, Cardiologists",Department2
Cervical spondylosis,Orthopedics,Department2
Chicken pox,"General Physician, Medicine Doctor",Department2
Chronic cholestasis,"General Physician, Medicine Doctor",Department2
Common Cold,"General Physician, Medicine Doctor",Department2
Dengue,"General Physician, Medicine Doctor",infectious
Diabetes ,"Endocrinologists, Medicine Doctor",Endocrinologists
Dimorphic hemmorhoids(piles),"General Physician, Medicine Doctor",Department2
disease_name,department,
Drug Reaction,"General Physician, Medicine Doctor",Infectious Disease
Fungal infection,"Dermatologists, Medicine Doctor",Department2
Gastroenteritis,Gastroentology,Gastroentology
GERD,"Gastroentology, Medicine Doctor",Gastroentology
Heart Problem,"Cardiologist, Orthopedics",Department2
hepatitis A,"General Physician, Medicine Doctor",Department2
Hepatitis B,"General Physician, Medicine Doctor",Department2
Hepatitis C,"General Physician, Medicine Doctor",Department2
Hepatitis D,"General Physician, Medicine Doctor",Department2
Hepatitis E,"General Physician, Medicine Doctor",Department2
Hypertension,"Neurologist,General Physician, Medicine Doctor",Department2
Hyperthyroidism,Endocrinologists,Endocrinologists
Hypoglycemia,"General Physician, Medicine Doctor",Department2
Hypothyroidism,Endocrinologists,Endocrinologists
Impetigo,"General Physician, Medicine Doctor",Department2
Jaundice,"General Physician, Medicine Doctor",Gastroenterology
Malaria,"General Physician, Medicine Doctor, Pediatrician",Infectious Disease
Migraine,"Neurologist,General Physician, Medicine Doctor",neurologist
Osteoarthristis,"General Physician, Medicine Doctor",Department2
Paralysis (brain hemorrhage),Neurologist,neurologist
Peptic ulcer diseae,"General Physician, Medicine Doctor",Department2
Pneumonia,"General Physician, Medicine Doctor, Pediatrician",Department2
Psoriasis,"General Physician, Medicine Doctor",Department2
Tuberculosis,"General Physician, Medicine Doctor",Department2
Typhoid,"General Physician, Medicine Doctor",Department2
Urinary tract infection,"General Physician, Medicine Doctor",Department2
Varicose veins,"General Physician, Medicine Doctor",Department2
