fever type,FEVER,cough type,COUGH,COLD,pain type,BONE PAIN,OTHER PAIN,SKIN,EYES,URINE,EXTRAS,STOMACH PAIN,CHEST PAIN,HEADACHE,VEIN,NECK PAIN,BONE RELATED,MUSCLE PAIN
HIGH FEVER,VOMITING,DRY COUGH,PATCHES IN THROAT,SHIVERING,BONE PAIN,JOINT PAIN,STOMACH PAIN,ITCHING,SUNKEN EYES,DARK URINE,WEIGHT GAIN,ACIDITY,BREATHLESSNESS,DEPRESSION,VARICOSE VEINS,LOSS BALANCE,WALKING PROBLEM,MUSCLE WEAKNESS
MILD FEVER,WEAKNESS,COUGH,THROAT IRRITATION,COLD HAND FEETS,OTHER PAIN,BACK PAIN,ABDOMINAL PAIN,SKIN RASH,YELLOWING OF EYES,YELLOW URINE,ANXIETY,VOMITING,SWEATING,IRRITABILITY,SWOLLEN LEGS,WEAKNESS,SWELLING JOINTS,JOINT PAIN
NONE,RESTLESSNESS,NONE,LOSS APPETITE,LOSS SMELL,NONE,KNEE PAIN,CHEST PAIN,NODAL SKIN,REDNESS OF EYES,NONE,CONSTIPATION,LOSS APPETITE,BACK PAIN,MOOD SWINGS,CRAMPS,BACK PAIN,HIP JOINT PAIN,DIARRHOEA
,FATIGUE,,ULCERS ON TONGUE,RUNNY NOSE,,HIP JOINT PAIN,NECK PAIN,YELLOWISH SKIN,WATERING FROM EYES,,SWELLED LYMPH,INDIGESTION,WEAKNESS,DIZZINESS,BRUISING,NONE,MOVEMENT STIFFNESS,NAUSEA
,HEADACHE,,INDIGESTION,SINUS PRESSURE,,NONE,MUSCLE PAIN,SKIN PEELING,PAIN BEHIND THE EYES,,IRREGULAR SUGAR LEVEL,NAUSEA,NONE,FATIGUE,NONE,,STIFF NECK,STIFF NECK
,NAUSEA,,NAUSEA,CONGESTION,,,BELLY PAIN,BLACKHEADS,NONE,,FATIGUE,NONE,,WEAKNESS,,,MUSCLE WEAKNESS,PAINFUL WALKING
,MALAISE,,SINUS PRESSURE,NONE,,,HEADACHE,NONE,,,WEIGHT LOSS,,,LACK OF CONCENTRATION,,,NONE,SWELLING JOINT
,LOSS APPETITE,,NONE,,,,CRAMPS,,,,LETHARGY,,,EXCESSIVE HUNGER,,,,NONE
,SWEATING,,,,,,NONE,,,,DIARRHEA,,,VISUAL DISTURBANCES,,,,
,CHILLS,,,,,,,,,,EXCESSIVE HUNGER,,,NONE,,,,
,LETHARGY,,,,,,,,,,INCREASED APPETITE,,,,,,,
,NONE,,,,,,,,,,OBESITY,,,,,,,
,,,,,,,,,,,PHLEGM,,,,,,,
,,,,,,,,,,,RUSTY SPUTUM,,,,,,,
,,,,,,,,,,,NONE,,,,,,,
