doctor_id,doctor_name,doctor_degree,doctor_charge,doctor_mobile,specialities_id,specialities_name
6177,Ranjit Halder,MBBS DNB(PAEDIATRICS),500.0,9474441290.0,15.0,Chest Physician
695,Amitava Saha,MBBS DNB(PAEDIATRICS),500.0,9474441290.0,15.0,Chest Physician
5787,Puspendu Sinha Mahapatra,MS. DNB. PGT(UROLOGY),600.0,9830272142.0,68.0,UROLOGY
1144,Arunava Lala,MS(ORTHO.)MCH,500.0,6263567080.0,55.0,Ortho
8473,Susanta Kr. Das,MBBS DNB(PAEDIATRICS),600.0,9433302844.0,52.0,NEUROLOGIST
8374,Sunil Baran Das Chakraborty,"MD,DM (GASTRO.)",600.0,9836625889.0,36.0,GASTROENTEROLOGY
2780,Dulal Kanti Majumder,MS. FICS(USA),1000.0,,66.0,SURGERY
2513,Debjani Bose,MBBS DNB(PAEDIATRICS),500.0,8334000822.0,18.0,CHILD SPL
1051,Arindam Naskar,"MD, MRCP(LOND.) CCEBDM(DIABETES)",600.0,9874749626.0,38.0,General Physician
705,Amlan Kanti Biswas,MS. FICS(USA),300.0,9832727101.0,46.0,MEDICINE
7527,Shuvanan Roy,MD DM FCAI,1000.0,19785850.0,19.0,Consultant Cardiologist
3202,Indrajit Mukherjee,MBBS. DGO.,500.0,9831094380.0,42.0,GYNAECOLOGY
3491,Joydeep Dhara,BDS,600.0,9831688681.0,42.0,GYNAECOLOGY
7957,Subhro Das,MD.,600.0,9830033938.0,42.0,GYNAECOLOGY
4249,M.M.S. Zoha,"DGO. MD(CAL.) MRCOG,FRCOG(LOND.)",700.0,9830229994.0,42.0,GYNAECOLOGY
8072,Sudesh Saha,MS(ORTHO.),700.0,,55.0,Ortho
8519,Sutanu Hazra.,MBBS. MS(ORTHO.),1000.0,6263567085.0,55.0,Ortho
1396,Atri Banerjee,"MBBS, MS",500.0,9830280512.0,29.0,E.N.T.
6081,Rakhee Borah,,500.0,7044121665.0,40.0,Gynae & Obst
2202,D. K. Das,,400.0,9830980331.0,33.0,Eye Specialist & Surgeon
1787,Bidhan Chowdhury,MBBS. DLO(CAL.),500.0,9830066623.0,29.0,E.N.T.
8219,Sujoy Majumder,MD. MRCP.,1000.0,9830113045.0,30.0,ENDOCRINOLOGY
355,Abhijit Sarkar,MBBS DMRT(CAL.),600.0,9830141748.0,54.0,ONCOLOGIST
8202,Sujit Sinha,MS. MCH,900.0,9831240581.0,68.0,UROLOGY
1323,Asish Kumar Mandal,"MBBS(CAL),D.ORTHO(CAL)WBUHS",500.0,9163238168.0,56.0,Orthopedic Surgeon
7540,Shyamal Das,"MBBS, DNB, MNAMS",500.0,8981335226.0,20.0,Consultant Physician
2457,Debasish Sarkar,MBBS. ECFMG(USA) CERTIFIED,600.0,9433454315.0,36.0,GASTROENTEROLOGY
7438,Prof. Shankar Prasad Saha,"MD DM(EX PROF & HOD, NRS MED. COLLEGE)",1000.0,,62.0,Senior Consultant Neurologist
6995,Sandeep Bhattacharya,"MD DM(EX PROF & HOD, NRS MED. COLLEGE)",1000.0,,62.0,Senior Consultant Neurologist
8734,Tanmoy Chakraborty,"MBBS, DIP CARD (CARDIO)",400.0,,38.0,General Physician
1919,Biswajit Paul,"MD, DM",800.0,9435307462.0,50.0,Neuro
7755,Soumya Kanti Bhattacharjee,"D.(ORTHO) DMRT. DNB(ORTHO),MNAMS",500.0,9830718716.0,55.0,Ortho
4961,Nirmalya Chatterjee,MD.(PAED.),500.0,9830223338.0,17.0,Child Specialist
4356,Manabendra Roy,MD,500.0,9836511075.0,37.0,General Medicine
6740,S.C. Barman,,300.0,9830636389.0,38.0,General Physician
7148,Sanjukta Sen,MBBS. MD.,600.0,9831483979.0,40.0,Gynae & Obst
4561,Mira Roy,MBBS. MAMF(VIENNA) FRSCM(LOND.),500.0,9830251056.0,42.0,GYNAECOLOGY
862,Anjan Mukherjee,MBBS,600.0,9046839776.0,42.0,GYNAECOLOGY
4909,Nilanjan Sinha,MD DM(HAEM.),600.0,9433049240.0,43.0,HAEMATOLOGY
7041,Sanghamitra Bhattacharyya,MBBS. MB. MCH.,1000.0,9433049240.0,57.0,PAEDIATRIC
3830,Kaushik Das,"MBBS, MS",600.0,9433049240.0,29.0,E.N.T.
8799,Tapan Sinha,MBBS. DIP. CARD. MRCP,700.0,9831051045.0,12.0,CARDIOLOGY
2722,Dipankar Ghosh,MD(MED.),600.0,9830028899.0,46.0,MEDICINE
824,Prof. Aniruddha Ray,DCH. MD(MED.) HOD MEDICINE R.G. KAR MED. COLLEGE,400.0,9830195174.0,46.0,MEDICINE
2318,Dalia Chanda,,300.0,9830257106.0,46.0,MEDICINE
6990,Sanchaita Biswas,"MBBS, MD(DVL)",400.0,8902775179.0,64.0,SKIN SPL.
326,Abhijit Bhatta,MBBS MD(GENERAL MEDICINE),700.0,,46.0,MEDICINE
7579,Siddhartha Bandyopadhyay,MD. DM(CARDIO.),900.0,,12.0,CARDIOLOGY
8469,Susanta Ghosh,MBBS. DTCD. MD,500.0,9830036086.0,14.0,CHEST MEDICINE
3476,Joy Mukherjee,,600.0,9903740866.0,36.0,GASTROENTEROLOGY
7537,Shyamal Chakraborty,"MBBS, DPM. FIPS",600.0,9830810568.0,53.0,NEUROPSYCHIATRY
8507,Susmita Chattopadhyay,,400.0,9836527137.0,28.0,Dietician
9408,Swagatika Panda,,600.0,9073661383.0,40.0,Gynae & Obst
6145,Ranjan Bhattacharya,MD. DNB(PSYCHIATRY),400.0,9433053389.0,53.0,NEUROPSYCHIATRY
10207,Sudipta Ghosh.,MD MRCP(UK),600.0,9830266072.0,35.0,Gastroenterologist
6826,Sabyasachi Ojha,MD DNB(NEURO.),600.0,,52.0,NEUROLOGIST
8930,Tultul Ghosh,"(PSYCHOTHERAPIST)M.SC, PHD",800.0,9830125599.0,58.0,PSYCHOTHERAPY AND COUNSELLING
10807,Swastik Agarwal,PSYCHOTHERAPIST,10.0,9830125599.0,35.0,Gastroenterologist
10814,Debasis Chakrabarti,MBBS DTCD. MD(RADIOTHERAPY),600.0,9433089550.0,16.0,Chest Specialist And Oncologist
8122,Sudipta Das,MBBS,0.0,9433089550.0,61.0,RHEUMETOLOGIST
10708,Forqan Babu Shaikh,RMO,800.0,,39.0,General Surgeon
6035,(Dental) Rajesh Chakraborty,BDS,200.0,,23.0,DENTAL
9990,Paromita Roy,M.D,0.0,9433089550,23,DENTAL
8032,(Dental) Subritta Majumder,BDS,200.0,9433089550,23.0,DENTAL
5873,R. N. Ghosh,MD. DM.,700.0,,49.0,NEPHROLOGY
7169,Sankar Saha,MD. DM.,1000.0,,52.0,NEUROLOGIST
9895,Dummy,MD. DM.,100.0,9830229994.0,12.0,CARDIOLOGY
7455,Sharmistha Ganguly,MBBS. MD.,450.0,9477758288.0,42.0,GYNAECOLOGY
2609,Dhrubo Roy,MBBS. DLO. DNB(DELHI),600.0,9831214266.0,29.0,E.N.T.
8339,Sumit Mukherjee,MBBS. MRCP(UK),700.0,9831361276.0,30.0,ENDOCRINOLOGY
3342,J. Sinha,MBBS. MD.,800.0,9830192009.0,27.0,Diagnostic radiology
6738,S.B.Bhattacharyya,MD. DM(CARDIO.),900.0,9830087126.0,12.0,CARDIOLOGY
7501,Shivaji Mandal,MS(GENERAL SURGERY),700.0,9830848890.0,39.0,General Surgeon
9449,Moumita Ganguly.,,300.0,9123638603.0,41.0,Gynaecologist
9548,Kingshuk Samanta,,400.0,9830229994.0,63.0,Skin Specialist
10859,Sk. Nasim.,,500.0,,37.0,General Medicine
11576,Silpee Sorcar,MBBS DPM(PSYCHIATRY),500.0,,22.0,Consultant Psychiatrist
10350,Debasish Adhikary,MS ORTHO,600.0,,56.0,Orthopedic Surgeon
11530,Cnew,,100.0,,47.0,Neonatologist
11339,(Dental)Sarban Mitra,BDS,200.0,,24.0,Dental Surgeon
10888,Testing,A,155.0,,47.0,Neonatologist
11402,Sivaji Dasgupta,MS (KOL) GOLD MEDALIST,700.0,,51.0,Neuro Surgeon
11960,Kumar Gauraw,"MS(SURGERY), DNB(UROLOGY)",700.0,9073165415.0,67.0,Urologist
11396,Kuntal Maity,MS,500.0,,32.0,Ent Surgeon
11662,Kushankur Guha,SURGEON,500.0,,39.0,General Surgeon
11677,Susenjit Prasad Mahato.,"MBBS(CAL),MS(SURGERY),FMAS,MRCS(I)",600.0,,65.0,Surgeon
2995,Goutam Bag,"MBBS, DCH,MD(SKIN)",600.0,,64.0,SKIN SPL.
10432,(Dental) Bhaskar Mukherjee,BDS,400.0,,23.0,DENTAL
10434,(Dental) Ajay Awasthi,BDS,200.0,,23.0,DENTAL
10440,(Dental) Joydeep Dhara,BDS,200.0,,23.0,DENTAL
8300,Sumanta Chatterjee,"MD(MED.)-GOLD MEDALIST,DM(CARDIO.),FSCAI,AFESC",800.0,,19.0,Consultant Cardiologist
10470,Rajesh Chakraborty,BDS,200.0,,,
10471,Ajay Awasthi,BDS,200.0,,,
7913,Subhasis Das,MBBS. D.ORTHO.(CAL.),500.0,,55.0,Ortho
11868,Sibnath Mandal,"MS, AFRCS, MRCS, FRCS, CCT- SURGERY",800.0,9674813207.0,65.0,Surgeon
11383,Ayan Sain,MS(ORTHO.),600.0,,56.0,Orthopedic Surgeon
11384,P S Mahapatra,,700.0,,67.0,Urologist
10678,Parthasarathi Ghosh,"MBBS,MS,FMAS",500.0,9432892955.0,39.0,General Surgeon
11483,Anupam Majumder,"MD,DNB(NEPHROLOGY)",600.0,,48.0,Nephrologist
10587,Manabendra Naskar,MS(GEN. SURGERY),600.0,,39.0,General Surgeon
9467,Sudhakar Rao,"MBBS, MD(DERMATOLOGY)",0.0,,,
11512,Test,,100.0,,47.0,Neonatologist
11513,New,,100.0,,13.0,Cardiothoracic & Vascular Surgeon
11533,Cdnew,,100.0,,,
11534,Dnew,,100.0,,43.0,HAEMATOLOGY
12523,Nilotpal Dutta,"MBBS,DLO,MIAOHNS(NEUTROLOGY)",500.0,,31.0,Ent Specialist
3795,Kanchan Mukherjee,MBBS FRCOG,0.0,9836970870.0,42.0,GYNAECOLOGY
12548,Saurav Sethia,"MBBS,DNB(GENERAL SURGERY)",700.0,8240794990.0,39.0,General Surgeon
12512,Dipankar Sarkar.,MS. FRCS.,700.0,9831061271.0,65.0,Surgeon
12663,Sayantanee Sengupta,"MBBS, MD(OBST. & GYNAE.)",300.0,,40.0,Gynae & Obst
12447,Swastik Agrawal,MD DM,700.0,,44.0,"Hepatologist,Liver Transplant Phy. And Gastro Endoscopist"
12492,Mayoukh Kumar Chakraborty,"MBBS,DGO(CAL)MD(OBS/GYNE)",500.0,9836158542.0,40.0,Gynae & Obst
12677,Anupam Das,MBBS MD(DERMATOLOGY),500.0,,25.0,Dermatologist
12349,Alakes Kr. Koley,MBBS. MD PROF. OF MEDICINE SSKM,800.0,,21.0,Consultant Physician & Rheumatologist
12395,Abhijit Sarkar,DM,,9073388211.0,,
9809,Anupam Das,MD,,9836546909.0,,
12409,Debojyoti Mukherjee,M.S. ASST. PROF. R.G.KAR MED. COLL.,500.0,9933333024.0,56.0,Orthopedic Surgeon
DR0016398,Wednesday Doct,562357,0.0,2432435445.0,11.0,Allergy and immunology
DR0016399,Wednes Doctor,shdvs123424,500.0,1253465768.0,11.0,Allergy and immunology
DR0016401,TTDR,TTT,0.0,1763516243.0,11.0,Allergy and immunology
DR0016403,TOTAL TESTING,MBBS,999.0,9038090380.0,26.0,Dermatology
DR00122,Rohan Das,"MA,MBBS",,8240874446,23,DENTAL
1779,Vikash Poddar,MCA,1779.0,9038461779.0,1779.0,Specialist
17799,Vikash Poddar 22,MCA 2,17792.0,90384617792.0,17792.0,Specialist 2
