id,doctor_name,department,qualification,treat_for,note
1,Vikash Poddar,Cardiologist,MBBS,Heart,Note-1
2,Dipanjan Dutta,Dentist,BDS,Teeth,Note-2
3,Sunny Paul,Audiologist,BHMS,Ear,Note-3
4,Subham,Endocrinologist,PHD,Glands,Note-4
5,Subhrojyoti Ghosh,Dermatologist,MBBS,Skin,Note-5
6,Kanhaiya Singh,Cardiologist,MBBS,Heart,Note-1
7,Sukhendu Patra,Gynecologist,MBBS,Teeth,Note-2
8,Rahul Paul,General Surgeon,MBBS,Ear,Note-3
9,Tanisha Bhattacharya,General Surgeon,MBBS,Glands,Note-4
10,Monalisha,Pediatricians,MBBS,Skin,Note-5
11,Prasenjit Nandy,Pediatricians,MBBS,Heart,Note-1
12,Subhagata Mandal,Dentist,MBBS,Teeth,Note-2
13,Sourav Mandal,General Physicians,MBBS,Ear,Note-3
14,Rohan Mukherjee,General Physicians,MBBS,Glands,Note-4
15,Rakesh,Dermatologists,MBBS,Skin,Note-5
16,Sonu,ENT,MBBS,Ear,Note-1
17,Vikash Kumar,ENT,MBBS,Ear,Note-1
