doctor_id,doctor_name,day,time
6177,Ranjit Halder,Monday,10 to 12
6177,Ranjit Halder,Wednesday,10 to 12
6177,Ranjit Halder,Friday,10 to 12
695,Amitava Saha,Monday,10 to 12
695,Amitava Saha,Wednesday,10 to 12
695,Amitava Saha,Friday,10 to 12
7041,Sanghamitra Bhattacharyya,Wednesday,12 to 15
7041,Sanghamitra Bhattacharyya,Monday,12 to 15
7041,Sanghamitra Bhattacharyya,Friday,12 to 16
1144,Arunava Lala,Monday,12 to 15
1144,Arunava Lala,Wednesday,12 to 15
1779,Vikash Kumar Poddar,Monday,10 to 12
1779,Vikash Kumar Poddar,Wednesday,10 to 12
1779,Vikash Kumar Poddar,Friday,18 to 20
17799,Vikash Poddar 2,Monday,10 to 12
17799,Vikash Poddar 2,Wednesday,10 to 12
17799,Vikash Poddar 2,Friday,18 to 20
17799,Vikash Poddar 2,Monday,10 to 12
17799,Vikash Poddar 2,Wednesday,10 to 12
17799,Vikash Poddar 2,Friday,18 to 20
17799,Vikash Poddar 22,Monday,10 to 12
17799,Vikash Poddar 22,Wednesday,10 to 12
17799,Vikash Poddar 22,Friday,18 to 20
1779,Vikash Poddar,Monday,10 to 12
1779,Vikash Poddar,Wednesday,10 to 12
1779,Vikash Poddar,Friday,18 to 20
1779,Vikash Poddar,Monday,10 to 12
1779,Vikash Poddar,Wednesday,10 to 12
1779,Vikash Poddar,Friday,18 to 20
