{"tag": 2.3, "department": "OPD", "doctor_name": "Ranjit Halder", "booking_day": "monday,19-08-2024", "booking_time": "10 to 12", "customer_name": "akash das", "mobile": "9852315698", "doctor_id": "6177", "specialities_id": 15.0}
{"tag": 2.3, "department": "OPD", "doctor_name": "Ranjit Halder", "booking_day": "friday,23-08-2024", "booking_time": "10 to 12", "customer_name": "akash das", "mobile": "9856436985", "doctor_id": "6177", "specialities_id": 15.0}
{"tag": 2.3, "department": "OPD", "doctor_name": "Arunava Lala", "booking_day": "monday,19-08-2024", "booking_time": "12 to 15", "customer_name": "laila das", "mobile": "9856230158", "doctor_id": "1144", "specialities_id": 55.0}
{"tag": 2.3, "department": "OPD", "doctor_name": "Arunava Lala", "booking_day": "wednesday,21-08-2024", "booking_time": "12 to 15", "customer_name": "kuntal jana", "mobile": "9532601568", "doctor_id": "1144", "specialities_id": 55.0}
{"tag": 2.3, "department": "OPD", "doctor_name": "Amitava Saha", "booking_day": "monday,19-08-2024", "booking_time": "10 to 12", "customer_name": "akash das", "mobile": "9502316985", "doctor_id": "695", "specialities_id": 15.0}
{"tag": 2.3, "department": "OPD", "doctor_name": "Ranjit Halder", "booking_day": "monday,19-08-2024", "booking_time": "10 to 12", "customer_name": "sudip das", "mobile": "9563215689", "doctor_id": "6177", "specialities_id": 15.0}
{"tag": 2.3, "department": "OPD", "doctor_name": "Amitava Saha", "booking_day": "friday,23-08-2024", "booking_time": "10 to 12", "customer_name": "laila das", "mobile": "1536987562", "doctor_id": "695", "specialities_id": 15.0}
{"tag": 2.1, "id": 1779, "doctor_name": "Amitava Saha", "booking_day": "wednesday,21-08-2024", "booking_time": "10 to 12", "department": "OPD", "customer_name": "prakash ds", "mobile": "9501369487", "doctor_id": "695", "specialities_id": 15.0}
