tag,department,doctor_name,booking_day,customer_name,mobile,doctor_id,specialities_id
2.3,OPD,Ranjit Halder,"monday,19-08-2024",akash das,9852315698,6177,15
2.3,OPD,Ranjit Halder,"friday,23-08-2024",10 to 12,akash das,9856436985,6177,15.0
2.3,OPD,Arunava Lala,"monday,19-08-2024",12 to 15,laila das,9856230158,1144,55.0
2.3,OPD,Arunava Lala,"wednesday,21-08-2024",12 to 15,kuntal jana,9532601568,1144,55.0
2.3,OPD,Amitava Saha,"monday,19-08-2024",10 to 12,akash das,9502316985,695,15.0
2.3,OPD,Ranjit Halder,"monday,19-08-2024",10 to 12,sudip das,9563215689,6177,15.0
2.3,OPD,Amitava Saha,"friday,23-08-2024",10 to 12,laila das,1536987562,695,15.0
2.1,1779,Amitava Saha,"wednesday,21-08-2024",10 to 12,OPD,prakash ds,9501369487,695,15.0
