"specialities_id","specialities_slug","specialities_name","specialities_descriptions","specialities_for","specialities_image","is_top","created_at","updated_at","xdelete"
"1","anesthesiologists","Anesthesiologists","Sample Description","Sample diseases","uploads/specialities_image/anaesthesiology.jpg","0",,,"0"
"2","cardiologists","Cardiologists","Diagnose and treat heart diseases","Treating diseases like congenital heart defects and failure, coronary artery diseases and valvular heart diseases.","uploads/specialities_image/cadiologist.jpg","0",,,"0"
"3","colon-and-rectal-surgeons","Colon and Rectal Surgeons","Sample Description","Sample diseases","uploads/specialities_image/colonandrectl2.jpg","0",,,"0"
"4","critical-care-medicine-specialists","Critical Care Medicine Specialists","Wide variety of clinical problems","Critically ill patients require intensive care","uploads/specialities_image/critical2.jpg","0",,,"0"
"5","dermatologists","Dermatologists","Skin infection and hair fall diseases","Skin infection & cancer, Hair fall, Hemangioma ","uploads/specialities_image/dermatologist.jpg","1",,,"0"
"6","endocrinologists","Endocrinologists","Glands & Hormonal imbalances","Diabetes,Thyroid, Osteoporosis, Adrenal &
Lipid disorders","uploads/specialities_image/endocrinology2.jpg","1",,,"0"
"7","emergency-medicine-specialists","Emergency Medicine Specialists","Emergency health issues","Heart attack, Accident etc.","uploads/specialities_image/emergency2.jpg","0",,,"0"
"8","family-physicians","Family Physicians","Any common health issues","Cold, Coughs, Fever, Headache etc.","uploads/specialities_image/familyphsyian.jpg","0",,,"0"
"9","gastroenterologists","Gastroenterologists","Digestive system","Gastrointestinal, Liver, Pancreatic, Colorectal related disease","uploads/specialities_image/gastro.jpg","1",,,"0"
"10","hematologists","Hematologists","Blood-related disorder","Anemia, Bleeding, Hemophilia, Leukemia","uploads/specialities_image/hematology1.jpg","1",,,"0"
"11","Allergy and immunology","Allergy and immunology","Allergy and immunology",,,"0",,,"0"
"12","CARDIOLOGY","CARDIOLOGY","CARDIOLOGY",,,"0",,,"0"
"13","Cardiothoracic & Vascular Surgeon","Cardiothoracic & Vascular Surgeon","Cardiothoracic & Vascular Surgeon",,,"0",,,"0"
"14","CHEST MEDICINE","CHEST MEDICINE","CHEST MEDICINE",,,"0",,,"0"
"15","Chest Physician","Chest Physician","Chest Physician",,,"0",,,"0"
"16","Chest Specialist And Oncologist","Chest Specialist And Oncologist","Chest Specialist And Oncologist",,,"0",,,"0"
"17","Child Specialist","Child Specialist","Child Specialist",,,"0",,,"0"
"18","CHILD SPL","CHILD SPL","CHILD SPL",,,"0",,,"0"
"19","Consultant Cardiologist","Consultant Cardiologist","Consultant Cardiologist",,,"0",,,"0"
"20","Consultant Physician","Consultant Physician","Consultant Physician",,,"0",,,"0"
"21","Consultant Physician & Rheumatologist","Consultant Physician & Rheumatologist","Consultant Physician & Rheumatologist",,,"0",,,"0"
"22","Consultant Psychiatrist","Consultant Psychiatrist","Consultant Psychiatrist",,,"0",,,"0"
"23","DENTAL","DENTAL","DENTAL",,,"0",,,"0"
"24","Dental Surgeon","Dental Surgeon","Dental Surgeon",,,"0",,,"0"
"25","Dermatologist","Dermatologist","Dermatologist",,,"0",,,"0"
"26","Dermatology","Dermatology","Dermatology",,,"0",,,"0"
"27","Diagnostic radiology","Diagnostic radiology","Diagnostic radiology",,,"0",,,"0"
"28","Dietician","Dietician","Dietician",,,"0",,,"0"
"29","E.N.T.","E.N.T.","E.N.T.",,,"0",,,"0"
"30","ENDOCRINOLOGY","ENDOCRINOLOGY","ENDOCRINOLOGY",,,"0",,,"0"
"31","Ent Specialist","Ent Specialist","Ent Specialist",,,"0",,,"0"
"32","Ent Surgeon","Ent Surgeon","Ent Surgeon",,,"0",,,"0"
"33","Eye Specialist & Surgeon","Eye Specialist & Surgeon","Eye Specialist & Surgeon",,,"0",,,"0"
"34","Family medicine","Family medicine","Family medicine",,,"0",,,"0"
"35","Gastroenterologist","Gastroenterologist","Gastroenterologist",,,"0",,,"0"
"36","GASTROENTEROLOGY","GASTROENTEROLOGY","GASTROENTEROLOGY",,,"0",,,"0"
"37","General Medicine","General Medicine","General Medicine",,,"0",,,"0"
"38","General Physician","General Physician","General Physician",,,"0",,,"0"
"39","General Surgeon","General Surgeon","General Surgeon",,,"0",,,"0"
"40","Gynae & Obst","Gynae & Obst","Gynae & Obst",,,"0",,,"0"
"41","Gynaecologist","Gynaecologist","Gynaecologist",,,"0",,,"0"
"42","GYNAECOLOGY","GYNAECOLOGY","GYNAECOLOGY",,,"0",,,"0"
"43","HAEMATOLOGY","HAEMATOLOGY","HAEMATOLOGY",,,"0",,,"0"
"44","Hepatologist,Liver Transplant Phy. And Gastro Endoscopist","Hepatologist,Liver Transplant Phy. And Gastro Endoscopist","Hepatologist,Liver Transplant Phy. And Gastro Endoscopist",,,"0",,,"0"
"45","Medical genetics","Medical genetics","Medical genetics",,,"0",,,"0"
"46","MEDICINE","MEDICINE","MEDICINE",,,"0",,,"0"
"47","Neonatologist","Neonatologist","Neonatologist",,,"0",,,"0"
"48","Nephrologist","Nephrologist","Nephrologist",,,"0",,,"0"
"49","NEPHROLOGY","NEPHROLOGY","NEPHROLOGY",,,"0",,,"0"
"50","Neuro","Neuro","Neuro",,,"0",,,"0"
"51","Neuro Surgeon","Neuro Surgeon","Neuro Surgeon",,,"0",,,"0"
"52","NEUROLOGIST","NEUROLOGIST","NEUROLOGIST",,,"0",,,"0"
"53","NEUROPSYCHIATRY","NEUROPSYCHIATRY","NEUROPSYCHIATRY",,,"0",,,"0"
"54","ONCOLOGIST","ONCOLOGIST","ONCOLOGIST",,,"0",,,"0"
"55","Ortho","Ortho","Ortho",,,"0",,,"0"
"56","Orthopedic Surgeon","Orthopedic Surgeon","Orthopedic Surgeon",,,"0",,,"0"
"57","PAEDIATRIC","PAEDIATRIC","PAEDIATRIC",,,"0",,,"0"
"58","PSYCHOTHERAPY AND COUNSELLING","PSYCHOTHERAPY AND COUNSELLING","PSYCHOTHERAPY AND COUNSELLING",,,"0",,,"0"
"59","Radiation oncology","Radiation oncology","Radiation oncology",,,"0",,,"0"
"60","Rheumatologist","Rheumatologist","Rheumatologist",,,"0",,,"0"
"61","RHEUMETOLOGIST","RHEUMETOLOGIST","RHEUMETOLOGIST",,,"0",,,"0"
"62","Senior Consultant Neurologist","Senior Consultant Neurologist","Senior Consultant Neurologist",,,"0",,,"0"
"63","Skin Specialist","Skin Specialist","Skin Specialist",,,"0",,,"0"
"64","SKIN SPL.","SKIN SPL.","SKIN SPL.",,,"0",,,"0"
"65","Surgeon","Surgeon","Surgeon",,,"0",,,"0"
"66","SURGERY","SURGERY","SURGERY",,,"0",,,"0"
"67","Urologist","Urologist","Urologist",,,"0",,,"0"
"68","UROLOGY","UROLOGY","UROLOGY",,,"0",,,"0"
