﻿sub_category_id,sub_category_name,category_id,specialities_id,specialities_name
9,Arthritis,2,55,Ortho
10,Hypertension,2,52,NEUROLOGIST
11,Infection,2,,
12,Allergy,2,25,Dermatologist
13,Genetic Disorder,2,,
14,Pregnancy,2,,
15,Vitamin Deficiency,2,,
16,Infertility,2,,
17,Fever,2,,
18,Hiv,2,,
22,Metabolic Disorders,2,,
23,Tuberculosis,2,38,General Physician
43,Acne,2,38,General Physician
44,AIDS,2,,
45,Alcoholic Hepatitis,2,38,General Physician
46,Bronchial Asthma,2,,
47,Cervical Spondylosis,2,55,Ortho
48,Chicken Pox,2,38,General Physician
49,Chronic Cholestasis,2,,
50,Common Cold,2,38,General Physician
51,Dengue,2,38,General Physician
52,Diabetes,2,30,ENDOCRINOLOGY
53,Dimorphic Hemmorhoids(piles),2,38,General Physician
54,Drug Reaction,2,38,General Physician
55,Fungal Infection,2,25,Dermatologist
56,Gastroenteritis,2,9,Gastroenterologists
57,Hepatitis A,2,38,General Physician
58,Hepatitis B,2,38,General Physician
59,Hepatitis C,2,38,General Physician
60,Hepatitis D,2,38,General Physician
61,Hepatitis E,2,38,General Physician
62,High Blood Pressure,2,,
63,Hypoglycemia,2,38,General Physician
64,Hypothyroidism,2,,
65,Impetigo,2,38,General Physician
66,Jaundice,2,38,General Physician
67,Malaria,2,38,General Physician
68,Migraine,2,52,NEUROLOGIST
69,Osteoarthritis,2,,
70,Paralysis(Brain Hemorrhage),2,,
71,Peptic Ulcer Diseae,2,38,General Physician
72,Pneumonia,2,38,General Physician
73,Psoriasis,2,38,General Physician
74,Tuberculosis,2,38,General Physician
75,Typhoid,2,38,General Physician
76,Urinary Tract Infection,2,38,General Physician
77,Varicose Veins,2,38,General Physician
1,Diabetes,1,30,ENDOCRINOLOGY
2,Heart,1,,
3,Kidney,1,,
4,Thyroid,1,,
5,Vitamin D,1,,
6,Liver,1,,
7,Brain,1,,
8,Eye,1,,
19,Hand,1,,
20,Leg,1,,
21,Chest,1,,
24,Knee,1,,
29,Head,1,,
30,Nose,1,,
31,Ear,1,,
32,Neck,1,,
33,Teeth,1,,
34,Lungs,1,,
35,Bladder,1,,
36,Artery,1,,
37,Muscle,1,,
38,Bone Marrow,1,,
39,Bone,1,,
40,Veins,1,,
41,Stomach,1,,
42,Neck,1,,
24,Junk Food,3,,
25,Stress,3,,
26,Drinking,3,,
27,Smoking,3,,
28,Zero Exercise,3,,
